{
  "instance_name": "large_uniform_n100_seed44",
  "method": "TSP Simulated Annealing (2-opt)",
  "params": {
    "seed": 2000,
    "max_iters": 40000,
    "t0": 1500.0,
    "alpha": 0.995,
    "t_min": 1e-06
  },
  "best_length": 11871.979780349948,
  "best_tour": [
    18,
    34,
    77,
    31,
    44,
    16,
    39,
    2,
    74,
    3,
    84,
    10,
    73,
    61,
    15,
    27,
    90,
    50,
    13,
    75,
    63,
    89,
    48,
    59,
    93,
    23,
    72,
    81,
    38,
    36,
    70,
    57,
    40,
    25,
    43,
    91,
    76,
    79,
    69,
    46,
    22,
    88,
    24,
    95,
    12,
    53,
    17,
    85,
    45,
    56,
    14,
    64,
    49,
    87,
    32,
    99,
    8,
    65,
    60,
    54,
    28,
    52,
    4,
    80,
    0,
    97,
    6,
    47,
    92,
    1,
    11,
    86,
    30,
    78,
    37,
    19,
    42,
    68,
    5,
    66,
    51,
    21,
    29,
    7,
    67,
    55,
    98,
    26,
    82,
    71,
    83,
    20,
    62,
    96,
    94,
    41,
    33,
    9,
    35,
    58
  ],
  "runtime_sec": 0.410185,
  "iters_done": 4216
}