{
  "instance_name": "large_uniform_n100_seed44",
  "method": "TSP Simulated Annealing (2-opt)",
  "params": {
    "seed": 123,
    "max_iters": 20000,
    "t0": 1000.0,
    "alpha": 0.995,
    "t_min": 1e-06
  },
  "best_length": 11366.071435870264,
  "best_tour": [
    91,
    25,
    32,
    99,
    8,
    54,
    65,
    60,
    43,
    40,
    57,
    70,
    28,
    52,
    23,
    93,
    59,
    48,
    6,
    97,
    0,
    80,
    72,
    46,
    76,
    79,
    21,
    37,
    95,
    24,
    17,
    49,
    45,
    64,
    87,
    14,
    12,
    53,
    56,
    85,
    19,
    42,
    68,
    88,
    5,
    94,
    30,
    67,
    78,
    66,
    51,
    96,
    98,
    11,
    86,
    1,
    83,
    55,
    7,
    92,
    9,
    58,
    33,
    35,
    71,
    26,
    82,
    41,
    29,
    22,
    62,
    69,
    20,
    47,
    34,
    18,
    39,
    44,
    16,
    2,
    74,
    77,
    73,
    31,
    3,
    84,
    10,
    27,
    61,
    63,
    89,
    15,
    90,
    50,
    13,
    75,
    4,
    36,
    38,
    81
  ],
  "runtime_sec": 0.398849,
  "iters_done": 4135
}