{
  "instance_name": "medium_cluster_cluster_n50_seed45",
  "method": "TSP Simulated Annealing (2-opt)",
  "params": {
    "seed": 1501,
    "max_iters": 40000,
    "t0": 1500.0,
    "alpha": 0.995,
    "t_min": 1e-06
  },
  "best_length": 2593.7756372817194,
  "best_tour": [
    2,
    45,
    23,
    31,
    30,
    22,
    28,
    26,
    41,
    49,
    5,
    40,
    3,
    39,
    47,
    0,
    42,
    7,
    36,
    14,
    17,
    20,
    37,
    10,
    46,
    1,
    11,
    15,
    43,
    27,
    44,
    24,
    4,
    33,
    9,
    48,
    34,
    13,
    35,
    21,
    12,
    16,
    38,
    25,
    18,
    29,
    19,
    6,
    8,
    32
  ],
  "runtime_sec": 0.263827,
  "iters_done": 4216
}