{
  "instance_name": "medium_uniform_n50_seed43",
  "method": "TSP Simulated Annealing (2-opt)",
  "params": {
    "seed": 1006,
    "max_iters": 40000,
    "t0": 1500.0,
    "alpha": 0.995,
    "t_min": 1e-06
  },
  "best_length": 7083.488418035609,
  "best_tour": [
    37,
    14,
    17,
    34,
    23,
    46,
    41,
    26,
    35,
    28,
    1,
    3,
    12,
    47,
    22,
    6,
    20,
    2,
    49,
    5,
    42,
    18,
    39,
    29,
    40,
    8,
    43,
    11,
    31,
    27,
    16,
    44,
    21,
    15,
    10,
    25,
    48,
    7,
    19,
    45,
    38,
    24,
    30,
    36,
    13,
    9,
    32,
    4,
    33,
    0
  ],
  "runtime_sec": 0.249349,
  "iters_done": 4216
}