{
  "instance_name": "medium_uniform_n50_seed43",
  "method": "TSP Simulated Annealing (2-opt)",
  "params": {
    "seed": 1001,
    "max_iters": 40000,
    "t0": 1500.0,
    "alpha": 0.995,
    "t_min": 1e-06
  },
  "best_length": 6147.636420678342,
  "best_tour": [
    44,
    16,
    27,
    31,
    11,
    22,
    6,
    20,
    2,
    43,
    8,
    40,
    29,
    39,
    18,
    49,
    42,
    5,
    12,
    10,
    25,
    3,
    47,
    41,
    23,
    34,
    17,
    46,
    14,
    37,
    0,
    33,
    26,
    35,
    28,
    1,
    4,
    32,
    9,
    13,
    36,
    7,
    48,
    19,
    45,
    30,
    24,
    38,
    15,
    21
  ],
  "runtime_sec": 0.250042,
  "iters_done": 4216
}