{
  "instance_name": "medium_cluster_cluster_n50_seed45",
  "method": "TSP Simulated Annealing (2-opt)",
  "params": {
    "seed": 1507,
    "max_iters": 40000,
    "t0": 1500.0,
    "alpha": 0.995,
    "t_min": 1e-06
  },
  "best_length": 2400.6509798153656,
  "best_tour": [
    46,
    33,
    4,
    24,
    9,
    48,
    34,
    12,
    21,
    16,
    38,
    25,
    18,
    29,
    19,
    26,
    28,
    6,
    8,
    32,
    2,
    45,
    23,
    31,
    30,
    22,
    41,
    5,
    49,
    35,
    13,
    40,
    3,
    39,
    47,
    0,
    44,
    27,
    36,
    42,
    7,
    14,
    43,
    17,
    15,
    20,
    37,
    11,
    10,
    1
  ],
  "runtime_sec": 0.319657,
  "iters_done": 4216
}