{
  "instance_name": "medium_cluster_cluster_n50_seed45",
  "method": "TSP Simulated Annealing (2-opt)",
  "params": {
    "seed": 1506,
    "max_iters": 40000,
    "t0": 1500.0,
    "alpha": 0.995,
    "t_min": 1e-06
  },
  "best_length": 2547.7589341700354,
  "best_tour": [
    31,
    23,
    45,
    2,
    32,
    8,
    6,
    28,
    26,
    19,
    29,
    25,
    38,
    16,
    21,
    12,
    48,
    34,
    35,
    13,
    39,
    9,
    24,
    33,
    4,
    17,
    20,
    46,
    37,
    10,
    1,
    11,
    15,
    43,
    7,
    42,
    36,
    14,
    27,
    44,
    0,
    47,
    3,
    40,
    5,
    49,
    18,
    41,
    22,
    30
  ],
  "runtime_sec": 0.280843,
  "iters_done": 4216
}