{
  "instance_name": "medium_uniform_n50_seed43",
  "method": "TSP Simulated Annealing (2-opt)",
  "params": {
    "seed": 1003,
    "max_iters": 40000,
    "t0": 1500.0,
    "alpha": 0.995,
    "t_min": 1e-06
  },
  "best_length": 6741.9805603250825,
  "best_tour": [
    42,
    49,
    43,
    2,
    20,
    6,
    22,
    47,
    5,
    46,
    14,
    37,
    17,
    23,
    34,
    41,
    26,
    28,
    35,
    0,
    33,
    1,
    4,
    32,
    13,
    36,
    9,
    7,
    19,
    24,
    38,
    30,
    45,
    48,
    3,
    12,
    10,
    25,
    15,
    21,
    44,
    16,
    27,
    31,
    11,
    8,
    40,
    29,
    39,
    18
  ],
  "runtime_sec": 0.253321,
  "iters_done": 4216
}