{
  "instance_name": "medium_uniform_n50_seed43",
  "method": "TSP Simulated Annealing (2-opt)",
  "params": {
    "seed": 123,
    "max_iters": 20000,
    "t0": 1000.0,
    "alpha": 0.995,
    "t_min": 1e-06
  },
  "best_length": 6635.446700746109,
  "best_tour": [
    30,
    45,
    19,
    32,
    9,
    13,
    36,
    7,
    48,
    25,
    10,
    12,
    22,
    6,
    47,
    3,
    28,
    1,
    4,
    35,
    26,
    33,
    0,
    37,
    14,
    17,
    23,
    34,
    41,
    46,
    5,
    42,
    49,
    18,
    39,
    29,
    40,
    8,
    43,
    2,
    20,
    11,
    31,
    27,
    16,
    44,
    21,
    15,
    38,
    24
  ],
  "runtime_sec": 0.247545,
  "iters_done": 4135
}