{
  "instance_name": "medium_uniform_n50_seed43",
  "method": "TSP Simulated Annealing (2-opt)",
  "params": {
    "seed": 1004,
    "max_iters": 40000,
    "t0": 1500.0,
    "alpha": 0.995,
    "t_min": 1e-06
  },
  "best_length": 6438.33474299307,
  "best_tour": [
    4,
    1,
    28,
    26,
    34,
    17,
    37,
    14,
    23,
    46,
    5,
    42,
    18,
    49,
    43,
    39,
    29,
    40,
    8,
    31,
    27,
    16,
    44,
    21,
    15,
    38,
    24,
    30,
    45,
    19,
    36,
    13,
    32,
    9,
    7,
    48,
    25,
    10,
    3,
    12,
    22,
    11,
    2,
    20,
    6,
    47,
    41,
    0,
    33,
    35
  ],
  "runtime_sec": 0.252146,
  "iters_done": 4216
}