{
  "instance_name": "medium_uniform_n50_seed43",
  "method": "TSP Simulated Annealing (2-opt)",
  "params": {
    "seed": 1000,
    "max_iters": 40000,
    "t0": 1500.0,
    "alpha": 0.995,
    "t_min": 1e-06
  },
  "best_length": 6508.040682936323,
  "best_tour": [
    8,
    40,
    29,
    39,
    43,
    2,
    20,
    6,
    22,
    12,
    10,
    3,
    47,
    49,
    18,
    42,
    5,
    46,
    23,
    34,
    17,
    14,
    37,
    0,
    33,
    41,
    26,
    35,
    4,
    28,
    1,
    32,
    13,
    36,
    9,
    7,
    48,
    19,
    45,
    30,
    24,
    38,
    15,
    21,
    44,
    25,
    16,
    27,
    31,
    11
  ],
  "runtime_sec": 0.265458,
  "iters_done": 4216
}