{
  "instance_name": "medium_cluster_cluster_n50_seed45",
  "method": "TSP Simulated Annealing (2-opt)",
  "params": {
    "seed": 1504,
    "max_iters": 40000,
    "t0": 1500.0,
    "alpha": 0.995,
    "t_min": 1e-06
  },
  "best_length": 2371.723909162513,
  "best_tour": [
    36,
    7,
    42,
    0,
    47,
    39,
    3,
    40,
    13,
    35,
    49,
    5,
    22,
    30,
    8,
    31,
    23,
    32,
    45,
    2,
    6,
    28,
    41,
    26,
    19,
    29,
    18,
    25,
    38,
    16,
    21,
    12,
    34,
    48,
    9,
    44,
    24,
    33,
    4,
    10,
    1,
    46,
    37,
    11,
    20,
    15,
    43,
    17,
    27,
    14
  ],
  "runtime_sec": 0.272874,
  "iters_done": 4216
}