{
  "instance_name": "medium_uniform_n50_seed43",
  "method": "TSP Simulated Annealing (2-opt)",
  "params": {
    "seed": 1005,
    "max_iters": 40000,
    "t0": 1500.0,
    "alpha": 0.995,
    "t_min": 1e-06
  },
  "best_length": 6492.750421146667,
  "best_tour": [
    46,
    23,
    34,
    17,
    14,
    37,
    0,
    33,
    26,
    35,
    28,
    1,
    4,
    32,
    13,
    36,
    9,
    7,
    19,
    45,
    30,
    24,
    15,
    21,
    38,
    48,
    25,
    10,
    3,
    12,
    47,
    41,
    22,
    6,
    11,
    44,
    16,
    27,
    31,
    40,
    8,
    2,
    20,
    43,
    29,
    39,
    18,
    49,
    42,
    5
  ],
  "runtime_sec": 0.255882,
  "iters_done": 4216
}