{
  "instance_name": "medium_cluster_cluster_n50_seed45",
  "method": "TSP Simulated Annealing (2-opt)",
  "params": {
    "seed": 1500,
    "max_iters": 40000,
    "t0": 1500.0,
    "alpha": 0.995,
    "t_min": 1e-06
  },
  "best_length": 2597.4944083624227,
  "best_tour": [
    23,
    32,
    45,
    2,
    6,
    28,
    19,
    29,
    25,
    38,
    16,
    48,
    9,
    44,
    27,
    17,
    24,
    4,
    33,
    11,
    37,
    46,
    10,
    1,
    20,
    15,
    43,
    14,
    36,
    7,
    42,
    0,
    3,
    40,
    13,
    35,
    47,
    39,
    34,
    12,
    21,
    18,
    49,
    5,
    41,
    26,
    22,
    30,
    8,
    31
  ],
  "runtime_sec": 0.253883,
  "iters_done": 4216
}