{
  "instance_name": "medium_uniform_n50_seed43",
  "method": "TSP Simulated Annealing (2-opt)",
  "params": {
    "seed": 1008,
    "max_iters": 40000,
    "t0": 1500.0,
    "alpha": 0.995,
    "t_min": 1e-06
  },
  "best_length": 6264.712297474492,
  "best_tour": [
    44,
    27,
    31,
    16,
    11,
    12,
    41,
    47,
    22,
    6,
    20,
    2,
    8,
    40,
    29,
    39,
    43,
    49,
    18,
    42,
    5,
    46,
    23,
    34,
    17,
    14,
    37,
    0,
    33,
    4,
    1,
    28,
    35,
    26,
    3,
    10,
    25,
    48,
    7,
    32,
    9,
    13,
    36,
    19,
    45,
    30,
    24,
    38,
    15,
    21
  ],
  "runtime_sec": 0.263809,
  "iters_done": 4216
}