{
  "instance_name": "medium_uniform_n50_seed43",
  "method": "TSP Simulated Annealing (2-opt)",
  "params": {
    "seed": 1009,
    "max_iters": 40000,
    "t0": 1500.0,
    "alpha": 0.995,
    "t_min": 1e-06
  },
  "best_length": 6570.948904138793,
  "best_tour": [
    32,
    4,
    1,
    28,
    35,
    0,
    33,
    26,
    34,
    23,
    17,
    37,
    14,
    46,
    41,
    5,
    42,
    49,
    18,
    39,
    29,
    40,
    8,
    43,
    2,
    11,
    12,
    20,
    6,
    22,
    47,
    3,
    10,
    25,
    16,
    27,
    31,
    44,
    21,
    15,
    38,
    24,
    30,
    45,
    19,
    48,
    7,
    9,
    36,
    13
  ],
  "runtime_sec": 0.269822,
  "iters_done": 4216
}