{
  "instance_name": "large_uniform_n100_seed44",
  "method": "TSP Ant Colony Optimization",
  "params": {
    "seed": 123,
    "n_ants": 30,
    "n_iters": 200,
    "alpha": 1.0,
    "beta": 5.0,
    "rho": 0.5,
    "q": 1.0,
    "tau0": 1.0
  },
  "best_length": 8139.577082434424,
  "best_tour": [
    55,
    98,
    83,
    26,
    82,
    71,
    11,
    86,
    1,
    30,
    94,
    96,
    67,
    47,
    41,
    92,
    35,
    9,
    33,
    58,
    34,
    18,
    39,
    44,
    16,
    2,
    74,
    3,
    84,
    10,
    73,
    31,
    77,
    61,
    89,
    15,
    90,
    27,
    50,
    13,
    52,
    75,
    93,
    23,
    4,
    36,
    70,
    57,
    40,
    38,
    81,
    80,
    72,
    59,
    48,
    63,
    6,
    97,
    0,
    76,
    56,
    85,
    45,
    91,
    25,
    32,
    99,
    28,
    8,
    54,
    65,
    60,
    43,
    87,
    14,
    64,
    49,
    12,
    53,
    17,
    42,
    88,
    68,
    5,
    66,
    51,
    78,
    37,
    21,
    24,
    95,
    19,
    79,
    46,
    22,
    62,
    29,
    69,
    20,
    7
  ],
  "runtime_sec": 111.239547
}