{
  "instance_name": "medium_cluster_cluster_n50_seed45",
  "method": "TSP Ant Colony Optimization",
  "params": {
    "seed": 1501,
    "n_ants": 40,
    "n_iters": 300,
    "alpha": 1.0,
    "beta": 5.0,
    "rho": 0.5,
    "q": 1.0,
    "tau0": 1.0
  },
  "best_length": 2574.5028476391644,
  "best_tour": [
    37,
    15,
    43,
    17,
    27,
    44,
    24,
    4,
    33,
    9,
    3,
    5,
    49,
    18,
    29,
    19,
    26,
    41,
    22,
    28,
    30,
    8,
    31,
    23,
    45,
    32,
    2,
    6,
    25,
    38,
    16,
    48,
    34,
    12,
    21,
    35,
    13,
    40,
    39,
    47,
    0,
    42,
    7,
    36,
    14,
    1,
    20,
    10,
    46,
    11
  ],
  "runtime_sec": 57.99685
}