{
  "instance_name": "medium_uniform_n50_seed43",
  "method": "TSP Ant Colony Optimization",
  "params": {
    "seed": 1004,
    "n_ants": 40,
    "n_iters": 300,
    "alpha": 1.0,
    "beta": 5.0,
    "rho": 0.5,
    "q": 1.0,
    "tau0": 1.0
  },
  "best_length": 5921.960321306221,
  "best_tour": [
    27,
    31,
    11,
    8,
    40,
    39,
    29,
    43,
    2,
    20,
    42,
    18,
    49,
    6,
    22,
    3,
    10,
    12,
    47,
    41,
    5,
    46,
    23,
    34,
    17,
    14,
    37,
    0,
    33,
    26,
    35,
    28,
    1,
    4,
    32,
    9,
    13,
    36,
    7,
    25,
    48,
    19,
    45,
    30,
    24,
    38,
    15,
    21,
    44,
    16
  ],
  "runtime_sec": 57.156849
}