{
  "instance_name": "medium_cluster_cluster_n50_seed45",
  "method": "TSP Ant Colony Optimization",
  "params": {
    "seed": 1503,
    "n_ants": 40,
    "n_iters": 300,
    "alpha": 1.0,
    "beta": 5.0,
    "rho": 0.5,
    "q": 1.0,
    "tau0": 1.0
  },
  "best_length": 2559.7327492055156,
  "best_tour": [
    24,
    33,
    4,
    11,
    9,
    48,
    34,
    13,
    35,
    21,
    12,
    16,
    38,
    25,
    28,
    6,
    2,
    45,
    32,
    23,
    31,
    8,
    30,
    22,
    41,
    26,
    19,
    29,
    18,
    49,
    40,
    5,
    3,
    39,
    47,
    0,
    44,
    42,
    7,
    36,
    14,
    27,
    17,
    43,
    15,
    37,
    20,
    46,
    1,
    10
  ],
  "runtime_sec": 58.523848
}