{
  "instance_name": "medium_cluster_cluster_n50_seed45",
  "method": "TSP Ant Colony Optimization",
  "params": {
    "seed": 1502,
    "n_ants": 40,
    "n_iters": 300,
    "alpha": 1.0,
    "beta": 5.0,
    "rho": 0.5,
    "q": 1.0,
    "tau0": 1.0
  },
  "best_length": 2591.8280032827543,
  "best_tour": [
    9,
    48,
    34,
    12,
    21,
    25,
    38,
    16,
    35,
    13,
    40,
    49,
    18,
    29,
    19,
    26,
    41,
    22,
    28,
    30,
    8,
    31,
    23,
    32,
    45,
    2,
    6,
    5,
    3,
    0,
    47,
    39,
    4,
    33,
    24,
    44,
    27,
    14,
    36,
    7,
    42,
    17,
    43,
    15,
    46,
    20,
    1,
    10,
    37,
    11
  ],
  "runtime_sec": 58.411585
}