{
  "instance_name": "medium_uniform_n50_seed43",
  "method": "TSP Ant Colony Optimization",
  "params": {
    "seed": 1003,
    "n_ants": 40,
    "n_iters": 300,
    "alpha": 1.0,
    "beta": 5.0,
    "rho": 0.5,
    "q": 1.0,
    "tau0": 1.0
  },
  "best_length": 5917.42734413949,
  "best_tour": [
    31,
    27,
    16,
    44,
    21,
    15,
    38,
    24,
    30,
    45,
    19,
    48,
    25,
    7,
    36,
    13,
    9,
    32,
    4,
    1,
    28,
    35,
    26,
    33,
    0,
    37,
    14,
    17,
    34,
    23,
    46,
    5,
    42,
    18,
    49,
    47,
    41,
    3,
    10,
    12,
    22,
    6,
    20,
    2,
    43,
    39,
    29,
    40,
    8,
    11
  ],
  "runtime_sec": 56.586968
}